<?xml version="1.0" encoding="UTF-8"?>
<mappings xmlns="http://dozer.sourceforge.net"
          xmlns:xsi="http://www.w3.org/2001/XMLSchema-instance"
          xsi:schemaLocation="http://dozer.sourceforge.net
          http://dozer.sourceforge.net/schema/beanmapping.xsd">

    <mapping>
        <class-a>com.iiht.ecoronakit.dto.AddressDTO</class-a>
        <class-b>com.iiht.ecoronakit.models.Address</class-b>
        <field>
            <a>dto.city</a>
            <b>city</b>
        </field>
        <field>
            <a>dto.landmark</a>
            <b>landmark</b>
        </field>
        <field>
            <a>dto.zipcode</a>
            <b>zipcode</b>
        </field>
        <field>
            <a>dto.phoneNumber</a>
            <b>phoneNumber</b>
        </field>
        <field>
            <a>dto.postboxNo</a>
            <b>postboxNo</b>
        </field>
    </mapping>
  
</mappings>